{
  "project_info": {
    "project_number": "662588848414",
    "project_id": "delix-44b58",
    "storage_bucket": "delix-44b58.firebasestorage.app"
  },
  "client": [
    {
      "client_info": {
        "mobilesdk_app_id": "1:662588848414:android:165b1e9cedfd7ecd7fb10f",
        "android_client_info": {
          "package_name": "br.com.ifood.cursoandroid.ifood"
        }
      },
      "oauth_client": [],
      "api_key": [
        {
          "current_key": "AIzaSyCT3FBIuehkOB7aaj_dco62ORuLNF2LM90"
        }
      ],
      "services": {
        "appinvite_service": {
          "other_platform_oauth_client": []
        }
      }
    }
  ],
  "configuration_version": "1"
}